<s:Envelope xmlns:s="http://www.w3.org/2003/05/soap-envelope" xmlns:a="http://www.w3.org/2005/08/addressing">
  <!--The following header applies for a Synchronous Web Services Exchange Response 
        Please note that a soap message can only have one header section. -->
  <s:Header>
		<a:Action s:mustUnderstand="1">urn:ihe:iti:2007:RegistryStoredQueryResponse</a:Action>
		<a:RelatesTo>urn:uuid:a02ca8cd-86fa-4afc-a27c-616c183b2055</a:RelatesTo>
	</s:Header>
  <!--The following DISABLED header applies for an Asynchronous Web Services Exchange 'Reply'
        Please note that:
        1. An Asynchronous Web Services Exchange 'Reply' is in reality a new Request sent by the Receiver.
           Refer to TF-2:Appendix V for more information on Asynchronous Web Services Exchange.
        2. A soap message can only have one header section
  <s:Header>
    <a:Action s:mustUnderstand="1">urn:ihe:iti:2008:RegistryStoredQueryAsyncResponse</a:Action>
    <a:MessageID>urn:uuid:D6C21225-8E7B-454E-9750-821622C099DB</a:MessageID>
		<a:RelatesTo>urn:uuid:a02ca8cd-86fa-4afc-a27c-616c183b2055</a:RelatesTo>
		<a:To s:mustUnderstand="1">http://localhost:2647/XdsService/DocumentConsumerReceiver.svc</a:To>
  </s:Header>  -->
  <s:Body>
		<query:AdhocQueryResponse xsi:schemaLocation="urn:oasis:names:tc:ebxml-regrep:xsd:query:3.0 ../schema/ebRS/query.xsd" status="Success" xmlns:query="urn:oasis:names:tc:ebxml-regrep:xsd:query:3.0" xmlns:xsi="http://www.w3.org/2001/XMLSchema-instance" xmlns:rim="urn:oasis:names:tc:ebxml-regrep:xsd:rim:3.0">
			<rim:RegistryObjectList>
				<rim:ExtrinsicObject id="urn:uuid:08a15a6f-5b4a-42de-8f95-89474f83abdf" isOpaque="false" mimeType="text/xml" objectType="urn:uuid:7edca82f-054d-47f2-a032-9b2a5b5186c1" status="urn:oasis:names:tc:ebxml-regrep:StatusType:Approved" xmlns:q="urn:oasis:names:tc:ebxml-regrep:xsd:query:3.0">
					<rim:Slot name="URI">
						<rim:ValueList>
							<rim:Value>http://localhost:8080/XDS/Repository/08a15a6f-5b4a-42de-8f95-89474f83abdf.xml</rim:Value>
						</rim:ValueList>
					</rim:Slot>
					<rim:Slot name="authorInstitution">
						<rim:ValueList>
							<rim:Value>Fairview Hospital</rim:Value>
						</rim:ValueList>
					</rim:Slot>
					<rim:Slot name="creationTime">
						<rim:ValueList>
							<rim:Value>200412261119</rim:Value>
						</rim:ValueList>
					</rim:Slot>
					<rim:Slot name="hash">
						<rim:ValueList>
							<rim:Value>4cf4f82d78b5e2aac35c31bca8cb79fe6bd6a41e</rim:Value>
						</rim:ValueList>
					</rim:Slot>
					<rim:Slot name="languageCode">
						<rim:ValueList>
							<rim:Value>en-us</rim:Value>
						</rim:ValueList>
					</rim:Slot>
					<rim:Slot name="serviceStartTime">
						<rim:ValueList>
							<rim:Value>200412230800</rim:Value>
						</rim:ValueList>
					</rim:Slot>
					<rim:Slot name="serviceStopTime">
						<rim:ValueList>
							<rim:Value>200412230801</rim:Value>
						</rim:ValueList>
					</rim:Slot>
					<rim:Slot name="size">
						<rim:ValueList>
							<rim:Value>54449</rim:Value>
						</rim:ValueList>
					</rim:Slot>
					<rim:Slot name="sourcePatientId">
						<rim:ValueList>
							<rim:Value>jd12323^^^wsh</rim:Value>
						</rim:ValueList>
					</rim:Slot>
					<rim:Slot name="sourcePatientInfo">
						<rim:ValueList>
							<rim:Value>PID-3|pid1^^^domain</rim:Value>
							<rim:Value>PID-5|Doe^John^^^</rim:Value>
							<rim:Value>PID-7|19560527</rim:Value>
							<rim:Value>PID-8|M</rim:Value>
							<rim:Value>PID-11|100 Main St^^Metropolis^Il^44130^USA</rim:Value>
						</rim:ValueList>
					</rim:Slot>
					<rim:Name>
						<rim:LocalizedString charset="UTF-8" value="Sample document 1" xml:lang="en-us"/>
					</rim:Name>
					<rim:Description/>
					<rim:Classification classificationScheme="urn:uuid:41a5887f-8865-4c09-adf7-e362475b143a" classifiedObject="urn:uuid:08a15a6f-5b4a-42de-8f95-89474f83abdf" id="urn:uuid:ac872fc0-1c6e-439f-84d1-f76770a0ccdf" nodeRepresentation="Education" objectType="Urn:oasis:names:tc:ebxml-regrep:ObjectType:RegistryObject:Classification">
						<rim:Slot name="codingScheme">
							<rim:ValueList>
								<rim:Value>Connect-a-thon classCodes</rim:Value>
							</rim:ValueList>
						</rim:Slot>
						<rim:Name>
							<rim:LocalizedString charset="UTF-8" value="Education" xml:lang="en-us"/>
						</rim:Name>
						<rim:Description/>
					</rim:Classification>
					<rim:Classification classificationScheme="urn:uuid:f4f85eac-e6cb-4883-b524-f2705394840f" classifiedObject="urn:uuid:08a15a6f-5b4a-42de-8f95-89474f83abdf" id="urn:uuid:f1a8c8e4-3593-4777-b7e0-8b0773378705" nodeRepresentation="C" objectType="Urn:oasis:names:tc:ebxml-regrep:ObjectType:RegistryObject:Classification">
						<rim:Slot name="codingScheme">
							<rim:ValueList>
								<rim:Value>Connect-a-thon confidentialityCodes</rim:Value>
							</rim:ValueList>
						</rim:Slot>
						<rim:Name>
							<rim:LocalizedString charset="UTF-8" value="Celebrity" xml:lang="en-us"/>
						</rim:Name>
						<rim:Description/>
					</rim:Classification>
					<rim:Classification classificationScheme="urn:uuid:a09d5840-386c-46f2-b5ad-9c3699a4309d" classifiedObject="urn:uuid:08a15a6f-5b4a-42de-8f95-89474f83abdf" id="urn:uuid:b6e49c73-96c8-4058-8c95-914d83bd262a" nodeRepresentation="CDAR2/IHE 1.0" objectType="Urn:oasis:names:tc:ebxml-regrep:ObjectType:RegistryObject:Classification">
						<rim:Slot name="codingScheme">
							<rim:ValueList>
								<rim:Value>Connect-a-thon formatCodes</rim:Value>
							</rim:ValueList>
						</rim:Slot>
						<rim:Name>
							<rim:LocalizedString charset="UTF-8" value="CDAR2/IHE 1.0" xml:lang="en-us"/>
						</rim:Name>
						<rim:Description/>
					</rim:Classification>
					<rim:Classification classificationScheme="urn:uuid:f33fb8ac-18af-42cc-ae0e-ed0b0bdb91e1" classifiedObject="urn:uuid:08a15a6f-5b4a-42de-8f95-89474f83abdf" id="urn:uuid:61e2b376-d74a-4984-ac21-dcd0b8890f9d" nodeRepresentation="Emergency Department" objectType="Urn:oasis:names:tc:ebxml-regrep:ObjectType:RegistryObject:Classification">
						<rim:Slot name="codingScheme">
							<rim:ValueList>
								<rim:Value>Connect-a-thon healthcareFacilityTypeCodes</rim:Value>
							</rim:ValueList>
						</rim:Slot>
						<rim:Name>
							<rim:LocalizedString charset="UTF-8" value="Assisted Living" xml:lang="en-us"/>
						</rim:Name>
						<rim:Description/>
					</rim:Classification>
					<rim:Classification classificationScheme="urn:uuid:cccf5598-8b07-4b77-a05e-ae952c785ead" classifiedObject="urn:uuid:08a15a6f-5b4a-42de-8f95-89474f83abdf" id="urn:uuid:fb7677c5-c42f-485d-9010-dce0f3cd4ad5" nodeRepresentation="Cardiology" objectType="Urn:oasis:names:tc:ebxml-regrep:ObjectType:RegistryObject:Classification">
						<rim:Slot name="codingScheme">
							<rim:ValueList>
								<rim:Value>Connect-a-thon practiceSettingCodes</rim:Value>
							</rim:ValueList>
						</rim:Slot>
						<rim:Name>
							<rim:LocalizedString charset="UTF-8" value="Cardiology" xml:lang="en-us"/>
						</rim:Name>
						<rim:Description/>
					</rim:Classification>
					<rim:Classification classificationScheme="urn:uuid:f0306f51-975f-434e-a61c-c59651d33983" classifiedObject="urn:uuid:08a15a6f-5b4a-42de-8f95-89474f83abdf" id="urn:uuid:0a8a8ed9-8be5-4a63-9b68-a511adee8ed5" nodeRepresentation="34098-4" objectType="Urn:oasis:names:tc:ebxml-regrep:ObjectType:RegistryObject:Classification">
						<rim:Slot name="codingScheme">
							<rim:ValueList>
								<rim:Value>LOINC</rim:Value>
							</rim:ValueList>
						</rim:Slot>
						<rim:Name>
							<rim:LocalizedString charset="UTF-8" value="Conference Evaluation Note" xml:lang="en-us"/>
						</rim:Name>
						<rim:Description/>
					</rim:Classification>
					<rim:ExternalIdentifier id="urn:uuid:db9f4438-ffff-435f-9d34-d76190728637" registryObject="urn:uuid:08a15a6f-5b4a-42de-8f95-89474f83abdf" identificationScheme="urn:uuid:58a6f841-87b3-4a3e-92fd-a8ffeff98427" objectType="ExternalIdentifier" value="st3498702^^^&amp;1.3.6.1.4.1.21367.2005.3.7&amp;ISO">
						<rim:Name>
							<rim:LocalizedString charset="UTF-8" value="XDSDocumentEntry.patientId" xml:lang="en-us"/>
						</rim:Name>
						<rim:Description/>
					</rim:ExternalIdentifier>
					<rim:ExternalIdentifier id="urn:uuid:c3fcbf0e-9765-4f5b-abaa-b37ac8ff05a5" registryObject="urn:uuid:08a15a6f-5b4a-42de-8f95-89474f83abdf" identificationScheme="urn:uuid:2e82c1f6-a085-4c72-9da3-8640a32e42ab" objectType="ExternalIdentifier" value="1.3.6.1.4.1.21367.2005.3.99.1.1010">
						<rim:Name>
							<rim:LocalizedString charset="UTF-8" value="XDSDocumentEntry.uniqueId" xml:lang="en-us"/>
						</rim:Name>
						<rim:Description/>
					</rim:ExternalIdentifier>
				</rim:ExtrinsicObject>
				<rim:ObjectRef id="urn:uuid:41a5887f-8865-4c09-adf7-e362475b143a" xmlns:q="urn:oasis:names:tc:ebxml-regrep:xsd:query:3.0"/>
				<rim:ObjectRef id="urn:uuid:f4f85eac-e6cb-4883-b524-f2705394840f" xmlns:q="urn:oasis:names:tc:ebxml-regrep:xsd:query:3.0"/>
				<rim:ObjectRef id="urn:uuid:a09d5840-386c-46f2-b5ad-9c3699a4309d" xmlns:q="urn:oasis:names:tc:ebxml-regrep:xsd:query:3.0"/>
				<rim:ObjectRef id="urn:uuid:f33fb8ac-18af-42cc-ae0e-ed0b0bdb91e1" xmlns:q="urn:oasis:names:tc:ebxml-regrep:xsd:query:3.0"/>
				<rim:ObjectRef id="urn:uuid:cccf5598-8b07-4b77-a05e-ae952c785ead" xmlns:q="urn:oasis:names:tc:ebxml-regrep:xsd:query:3.0"/>
				<rim:ObjectRef id="urn:uuid:f0306f51-975f-434e-a61c-c59651d33983" xmlns:q="urn:oasis:names:tc:ebxml-regrep:xsd:query:3.0"/>
				<rim:ObjectRef id="urn:uuid:58a6f841-87b3-4a3e-92fd-a8ffeff98427" xmlns:q="urn:oasis:names:tc:ebxml-regrep:xsd:query:3.0"/>
				<rim:ObjectRef id="urn:uuid:2e82c1f6-a085-4c72-9da3-8640a32e42ab" xmlns:q="urn:oasis:names:tc:ebxml-regrep:xsd:query:3.0"/>
			</rim:RegistryObjectList>
		</query:AdhocQueryResponse>
	</s:Body>
</s:Envelope>