<?xml version="1.0" encoding="UTF-8"?>
<PRPA_IN201304UV02 xmlns="urn:hl7-org:v3"
    xmlns:xsi="http://www.w3.org/2001/XMLSchema-instance"
    xsi:schemaLocation="urn:hl7-org:v3 ../../schema/HL7V3/NE2008/multicacheschemas/PRPA_IN201304UV02.xsd" ITSVersion="XML_1.0">
    <id root="43491212-4469-11dc-a6be-3603d6866807"/>
    <creationTime value="20070803162915"/>
    <interactionId root="2.16.840.1.113883.1.6" extension="PRPA_IN201304UV02"/>
    <processingCode code="P"/>
    <processingModeCode code="R"/>
    <acceptAckCode code="AL"/>
    <receiver typeCode="RCV">
        <device classCode="DEV" determinerCode="INSTANCE">
            <id root="1.2.840.114350.1.13.99999.4567"/>
            <telecom value="https://example.org/PatientFeed"/>
        </device>
    </receiver>
    <sender typeCode="SND">
        <device classCode="DEV" determinerCode="INSTANCE">
            <id root="1.2.840.114350.1.13.99998.8734"/>
        </device>
    </sender>
    <controlActProcess classCode="CACT" moodCode="EVN">
        <subject typeCode="SUBJ">
            <registrationEvent classCode="REG" moodCode="EVN">
                <id nullFlavor="NA"/>
                <statusCode code="active"/>
                <subject1 typeCode="SBJ">
                    <patient classCode="PAT">
                        <id root="1.2.840.114350.1.13.99998.8734" extension="34827G409"/>
                        <statusCode code="active"/>
                        <patientPerson>
                            <name>
                                <given>James</given>
                                <family>Dean</family>
                            </name>
                        </patientPerson>
                    </patient>
                </subject1>
                <custodian typeCode="CST">
                    <assignedEntity classCode="ASSIGNED">
                        <id  root="1.2.840.114350.1.13.99998.8734"/>
                        <assignedOrganization classCode="ORG" determinerCode="INSTANCE">
                            <name>Good Health Clinic</name>
                        </assignedOrganization>   
                    </assignedEntity>
                </custodian>
                <replacementOf typeCode="RPLC">
                    <priorRegistration classCode="REG" moodCode="EVN">
                        <subject1 typeCode="SBJ">                         
                            <priorRegisteredRole classCode="PAT" >
                                <id root="1.2.840.114350.1.13.99998.8734" extension="34827G234"/>
                            </priorRegisteredRole>
                        </subject1>
                    </priorRegistration>
                </replacementOf>
            </registrationEvent>
        </subject>
    </controlActProcess>
</PRPA_IN201304UV02>
