<?xml version="1.0" encoding="UTF-8"?>
<PRPA_IN201309UV02 xmlns:xsi="http://www.w3.org/2001/XMLSchema-instance"
 xsi:schemaLocation="urn:hl7-org:v3 ../../schema/HL7V3/NE2008/multicacheschemas/PRPA_IN201309UV02.xsd"
 xmlns="urn:hl7-org:v3"
 ITSVersion="XML_1.0">
    <id root="2220c1c4-87ef-11dc-b865-3603d6866807"/>
    <creationTime value="20070810140900"/>
    <interactionId root="2.16.840.1.113883.1.6" extension="PRPA_IN201309UV02"/>
    <processingCode code="P"/>
    <processingModeCode code="T"/>
    <acceptAckCode code="AL"/>
    <receiver typeCode="RCV">
        <device classCode="DEV" determinerCode="INSTANCE">
            <id root="1.2.840.114350.1.13.99999.4567"/>
            <telecom value="https://example.org/PIXQuery"></telecom>
        </device>
    </receiver>
    <sender typeCode="SND">
        <device classCode="DEV" determinerCode="INSTANCE">
            <id root="1.2.840.114350.1.13.99997.2.7788"/>
        </device>
    </sender>
    <controlActProcess classCode="CACT" moodCode="EVN">
        <code code="PRPA_TE201309UV02" codeSystem="2.16.840.1.113883.1.6"/>
        <authorOrPerformer typeCode="AUT">
            <assignedPerson classCode="ASSIGNED">
                <id root="1.2.840.114350.1.13.99997.2.7766" extension="USR5568"/>
            </assignedPerson>
        </authorOrPerformer>
        <queryByParameter>
            <queryId root="1.2.840.114350.1.13.99999.4567.34" extension="33452"/>
            <statusCode code="new"/>
            <responsePriorityCode code="I"/>
            <parameterList>
                <patientIdentifier>
                    <value root="1.2.840.114350.1.13.99997.2.3412" extension="38273N237"/>
                    <semanticsText>Patient.Id</semanticsText>
                </patientIdentifier>
            </parameterList>
        </queryByParameter>     
    </controlActProcess>
</PRPA_IN201309UV02>
