<?xml version="1.0" encoding="UTF-8"?>
<rs:SubmitObjectsRequest xmlns:rs="urn:oasis:names:tc:ebxml-regrep:registry:xsd:2.1" xmlns:xsi="http://www.w3.org/2001/XMLSchema-instance">
	<!--.
			-->
	<!--=============================================================-->
	<!--Generated Automatically by the ETIAM XDS Document Broker (c) 2004-2005-->
	<!--                                            www.etiam.com                                                   -->
	<!--=============================================================-->
	<rim:LeafRegistryObjectList xmlns:rim="urn:oasis:names:tc:ebxml-regrep:rim:xsd:2.1">
		<!--.
				-->
		<!--====================declarations====================-->
		<rim:ObjectRef id="urn:uuid:7edca82f-054d-47f2-a032-9b2a5b5186c1"/>
		<rim:ObjectRef id="urn:uuid:41a5887f-8865-4c09-adf7-e362475b143a"/>
		<rim:ObjectRef id="urn:uuid:f4f85eac-e6cb-4883-b524-f2705394840f"/>
		<rim:ObjectRef id="urn:uuid:2c6b8cb7-8b2a-4051-b291-b1ae6a575ef4"/>
		<rim:ObjectRef id="urn:uuid:a09d5840-386c-46f2-b5ad-9c3699a4309d"/>
		<rim:ObjectRef id="urn:uuid:f33fb8ac-18af-42cc-ae0e-ed0b0bdb91e1"/>
		<rim:ObjectRef id="urn:uuid:58a6f841-87b3-4a3e-92fd-a8ffeff98427"/>
		<rim:ObjectRef id="urn:uuid:cccf5598-8b07-4b77-a05e-ae952c785ead"/>
		<rim:ObjectRef id="urn:uuid:f0306f51-975f-434e-a61c-c59651d33983"/>
		<rim:ObjectRef id="urn:uuid:2e82c1f6-a085-4c72-9da3-8640a32e42ab"/>
		<rim:ObjectRef id="urn:uuid:92d03292-84a0-4b86-8139-dd244173ddbb"/>
		<rim:ObjectRef id="urn:uuid:aa543740-bdda-424e-8c96-df4873be8500"/>
		<rim:ObjectRef id="urn:uuid:a54d6aa5-d40d-43f9-88c5-b4633d873bdd"/>
		<rim:ObjectRef id="urn:uuid:6b5aea1a-874d-4603-a4bc-96a0a7b38446"/>
		<rim:ObjectRef id="urn:uuid:554ac39e-e3fe-47fe-b233-965d2a147832"/>
		<rim:ObjectRef id="urn:uuid:96fdda7c-d067-4183-912e-bf5ee74998a8"/>
		<rim:ObjectRef id="urn:uuid:d9d542f3-6cc4-48b6-8870-ea235fbc94c2"/>
		<rim:ObjectRef id="urn:uuid:1ba97051-7806-41a8-a48b-8fce7af683c5"/>
		<rim:ObjectRef id="urn:uuid:2d03bffb-f426-4830-8413-bab8537a995b"/>
		<rim:ObjectRef id="urn:uuid:75df8f67-9973-4fbe-a900-df66cefecc5a"/>
		<rim:ObjectRef id="urn:uuid:f64ffdf0-4b97-4e06-b79f-a52b38ec2f8a"/>
		<!--.
				-->
		<!--
				====================documents====================
				-->
		<rim:ExtrinsicObject id="Document1" mimeType="application/pdf" objectType="urn:uuid:7edca82f-054d-47f2-a032-9b2a5b5186c1">
			<rim:Name>
				<rim:LocalizedString value="PDF ECG Result for Rene demo"/>
			</rim:Name>
			<!--.
						-->
			<!--====================document slots====================-->
			<!--
			
			===== creationTime =====
			-->
			<rim:Slot name="creationTime">
				<rim:ValueList>
					<rim:Value>20040901062000</rim:Value>
				</rim:ValueList>
			</rim:Slot>
			<!--
			
			===== intendedRecipient =====
			-->
			<rim:Slot name="intendedRecipient">
				<rim:ValueList>
					<rim:Value>Fair Clinic^L^716|^Wel^Marcus^^^Dr^MD</rim:Value>
					<rim:Value>Fair Clinic^L^716|^Al^Peter^^^Dr^MD</rim:Value>
					<rim:Value>|12345^John^Smith^^^Dr^MD</rim:Value>
					<rim:Value>Main Hospital</rim:Value>
				</rim:ValueList>
			</rim:Slot>



			===== languageCode =====
			--><rim:Slot name="languageCode">
				<rim:ValueList>
					<rim:Value>en-us</rim:Value>
				</rim:ValueList>
			</rim:Slot>
			<!--
			
			===== serviceStartTime =====
			-->
			<rim:Slot name="serviceStartTime">
				<rim:ValueList>
					<rim:Value>200412230800</rim:Value>
				</rim:ValueList>
			</rim:Slot>
			<!--
			
			===== serviceStopTime =====
			-->
			<rim:Slot name="serviceStopTime">
				<rim:ValueList>
					<rim:Value>200412230801</rim:Value>
				</rim:ValueList>
			</rim:Slot>
			<!--
			
			===== sourcePatientId =====
			-->
			<rim:Slot name="sourcePatientId">
				<rim:ValueList>
					<rim:Value>89765a87b^^^fj34r</rim:Value>
				</rim:ValueList>
			</rim:Slot>
			<!--
			
			===== sourcePatientInfo =====
			-->
			<rim:Slot name="sourcePatientInfo">
				<rim:ValueList>
					<rim:Value>PID-3|9d166bdc6d76414^^^&amp;1.3.6.1.4.1.21367.2005.3.7&amp;ISO</rim:Value>
					<rim:Value>PID-5|IHE-ITI^XDM</rim:Value>
					<rim:Value>PID-7|19480728</rim:Value>
					<rim:Value>PID-8|F</rim:Value>
					<rim:Value>PID-11|100 Main St^^Metropolis^Il^44130^USA</rim:Value>
					<rim:Value>PID-12|</rim:Value>
				</rim:ValueList>
			</rim:Slot>
			<!--
			
			===== URI =====
			-->
			<rim:Slot name="URI">
				<rim:ValueList>
					<rim:Value>DOC00001.PDF</rim:Value>
				</rim:ValueList>
			</rim:Slot>
			<!--.
						-->
			<!--
						====================document classifications====================
						-->
			<!--==XDSDocumentEntry author(s) ==-->
			<rim:Classification classificationScheme="urn:uuid:93606bcf-9494-43ec-9b4e-a7748d1a838d" classifiedObject="Document1">
				<rim:Slot name="authorPerson">
					<rim:ValueList>
						<rim:Value>^Smitty^Gerald^^^Dr^MD</rim:Value>
					</rim:ValueList>
				</rim:Slot>
				<rim:Slot name="authorInstitution">
					<rim:ValueList>
						<rim:Value>Cleveland Clinic</rim:Value>
						<rim:Value>Parma Community</rim:Value>
					</rim:ValueList>
				</rim:Slot>
				<rim:Slot name="authorRole">
					<rim:ValueList>
						<rim:Value>Attending</rim:Value>
					</rim:ValueList>
				</rim:Slot>
			</rim:Classification>
			<!--==XDSDocumentEntry author(s) ==-->
			<rim:Classification classificationScheme="urn:uuid:93606bcf-9494-43ec-9b4e-a7748d1a838d" classifiedObject="Document1">
				<rim:Slot name="authorPerson">
					<rim:ValueList>
						<rim:Value>^Dopplemeyer^Sherry^^^Dr^MD</rim:Value>
					</rim:ValueList>
				</rim:Slot>
				<rim:Slot name="authorInstitution">
					<rim:ValueList>
						<rim:Value>Cleveland Clinic</rim:Value>
						<rim:Value>Berea Community</rim:Value>
					</rim:ValueList>
				</rim:Slot>
				<rim:Slot name="authorRole">
					<rim:ValueList>
						<rim:Value>Primary Surgon</rim:Value>
					</rim:ValueList>
				</rim:Slot>
			</rim:Classification>
			<!--
				
			===== classCode =====
			-->
			<rim:Classification classificationScheme="urn:uuid:41a5887f-8865-4c09-adf7-e362475b143a" classifiedObject="Document1" nodeRepresentation="History and Physical">
				<rim:Name>
					<rim:LocalizedString value="History and Physical"/>
				</rim:Name>
				<rim:Slot name="codingScheme">
					<rim:ValueList>
						<rim:Value>Connect-a-thon classCodes</rim:Value>
					</rim:ValueList>
				</rim:Slot>
			</rim:Classification>
			<!--
				
			===== confidentialityCode =====
			-->
			<rim:Classification classificationScheme="urn:uuid:f4f85eac-e6cb-4883-b524-f2705394840f" classifiedObject="Document1" nodeRepresentation="1.3.6.1.4.1.21367.2006.7.101">
				<rim:Name>
					<rim:LocalizedString value="Clinical-Staff"/>
				</rim:Name>
				<rim:Slot name="codingScheme">
					<rim:ValueList>
						<rim:Value>Connect-a-thon confidentialityCodes</rim:Value>
					</rim:ValueList>
				</rim:Slot>
			</rim:Classification>
			<!--
				
			===== formatCode =====
			-->
			<rim:Classification classificationScheme="urn:uuid:a09d5840-386c-46f2-b5ad-9c3699a4309d" classifiedObject="Document1" nodeRepresentation="CDAR2/IHE 1.0">
				<rim:Name>
					<rim:LocalizedString value="CDAR2/IHE 1.0"/>
				</rim:Name>
				<rim:Slot name="codingScheme">
					<rim:ValueList>
						<rim:Value>Connect-a-thon formatCodes</rim:Value>
					</rim:ValueList>
				</rim:Slot>
			</rim:Classification>
			<!--
				
			===== healthcareFacilityTypeCode =====
			-->
			<rim:Classification classificationScheme="urn:uuid:f33fb8ac-18af-42cc-ae0e-ed0b0bdb91e1" classifiedObject="Document1" nodeRepresentation="Outpatient">
				<rim:Name>
					<rim:LocalizedString value="Outpatient"/>
				</rim:Name>
				<rim:Slot name="codingScheme">
					<rim:ValueList>
						<rim:Value>Connect-a-thon healthcareFacilityTypeCodes</rim:Value>
					</rim:ValueList>
				</rim:Slot>
			</rim:Classification>
			<!--
				
			===== practiceSettingCode =====
			-->
			<rim:Classification classificationScheme="urn:uuid:cccf5598-8b07-4b77-a05e-ae952c785ead" classifiedObject="Document1" nodeRepresentation="General Medicine">
				<rim:Name>
					<rim:LocalizedString value="General Medicine"/>
				</rim:Name>
				<rim:Slot name="codingScheme">
					<rim:ValueList>
						<rim:Value>Connect-a-thon practiceSettingCodes</rim:Value>
					</rim:ValueList>
				</rim:Slot>
			</rim:Classification>
			<!--
				
			===== typeCode =====
			-->
			<rim:Classification classificationScheme="urn:uuid:f0306f51-975f-434e-a61c-c59651d33983" classifiedObject="Document1" nodeRepresentation="34108-1">
				<rim:Name>
					<rim:LocalizedString value="Outpatient Evaluation And Management"/>
				</rim:Name>
				<rim:Slot name="codingScheme">
					<rim:ValueList>
						<rim:Value>LOINC</rim:Value>
					</rim:ValueList>
				</rim:Slot>
			</rim:Classification>
			<!--
							====================document ExternalIdentifiers====================
						-->
			<rim:ExternalIdentifier identificationScheme="urn:uuid:58a6f841-87b3-4a3e-92fd-a8ffeff98427" value="9d166bdc6d76414^^^&amp;1.3.6.1.4.1.21367.2005.3.7&amp;ISO">
				<rim:Name>
					<rim:LocalizedString value="XDSDocumentEntry.patientId"/>
				</rim:Name>
			</rim:ExternalIdentifier>
			<rim:ExternalIdentifier identificationScheme="urn:uuid:2e82c1f6-a085-4c72-9da3-8640a32e42ab" value="1.3.6.1.4.1.21367.2005.3.7^113791">
				<rim:Name>
					<rim:LocalizedString value="XDSDocumentEntry.uniqueId"/>
				</rim:Name>
			</rim:ExternalIdentifier>
			<!--.
						-->
		</rim:ExtrinsicObject>
		<!--.
				-->
		<!--
				====================SubmissionSet====================
				-->
		<rim:RegistryPackage id="SubmissionSet">
			<rim:Name>
				<rim:LocalizedString value="Submission Set"/>
			</rim:Name>
			<rim:Description>
				<rim:LocalizedString value="Texte sans accent"/>
			</rim:Description>
			<!--.
					-->
			<!--
						====================submissionSet slots====================
					-->
			<!--
						
						===== submissionTime =====
					-->
			<rim:Slot name="submissionTime">
				<rim:ValueList>
					<rim:Value/>
				</rim:ValueList>
			</rim:Slot>
			<!--
						====================submissionSet classifications====================
					-->
			<!--==XDSSubmissionSet author(s) ==-->
			<rim:Classification classificationScheme="urn:uuid:a7058bb9-b4e4-4307-ba5b-e3f0ab85e12d" classifiedObject="SubmissionSet">
				<rim:Slot name="authorPerson">
					<rim:ValueList>
						<rim:Value>^Dopplemeyer^Sherry^^^Dr^MD</rim:Value>
					</rim:ValueList>
				</rim:Slot>
				<rim:Slot name="authorInstitution">
					<rim:ValueList>
						<rim:Value>Cleveland Clinic</rim:Value>
						<rim:Value>Berea Community</rim:Value>
					</rim:ValueList>
				</rim:Slot>
				<rim:Slot name="authorRole">
					<rim:ValueList>
						<rim:Value>Primary Surgon</rim:Value>
					</rim:ValueList>
				</rim:Slot>
			</rim:Classification>
			<rim:Classification classificationScheme="urn:uuid:aa543740-bdda-424e-8c96-df4873be8500" classifiedObject="SubmissionSet" nodeRepresentation="History and Physical">
				<rim:Name>
					<rim:LocalizedString value="History and Physical"/>
				</rim:Name>
				<rim:Slot name="codingScheme">
					<rim:ValueList>
						<rim:Value>Connect-a-thon contentTypeCodes</rim:Value>
					</rim:ValueList>
				</rim:Slot>
			</rim:Classification>
			<!--
					====================submissionSet ExternalIdentifiers====================
					-->
			<rim:ExternalIdentifier identificationScheme="urn:uuid:6b5aea1a-874d-4603-a4bc-96a0a7b38446" value="9d166bdc6d76414^^^&amp;1.3.6.1.4.1.21367.2005.3.7&amp;ISO">
				<rim:Name>
					<rim:LocalizedString value="XDSSubmissionSet.patientId"/>
				</rim:Name>
			</rim:ExternalIdentifier>
			<rim:ExternalIdentifier identificationScheme="urn:uuid:554ac39e-e3fe-47fe-b233-965d2a147832" value="1.3.6.1.4.1.21367.2005.3.999.900">
				<rim:Name>
					<rim:LocalizedString value="XDSSubmissionSet.sourceId"/>
				</rim:Name>
			</rim:ExternalIdentifier>
			<rim:ExternalIdentifier identificationScheme="urn:uuid:96fdda7c-d067-4183-912e-bf5ee74998a8" value="1.3.6.1.4.1.21367.2005.3.7.36709846642">
				<rim:Name>
					<rim:LocalizedString value = "XDSSubmissionSet.uniqueId"/>
				</rim:Name>
			</rim:ExternalIdentifier>			<!--.
					-->
		</rim:RegistryPackage>
		<!--.
					-->
		<!--classification of the submissionSet-->
		<rim:Classification classifiedObject="SubmissionSet" classificationNode="urn:uuid:a54d6aa5-d40d-43f9-88c5-b4633d873bdd"/>
		<!--
					==================== Associations====================
				-->
		<rim:Association associationType="HasMember" sourceObject="SubmissionSet" targetObject="Document1">
			<rim:Slot name="SubmissionSetStatus">
				<rim:ValueList>
					<rim:Value>Original</rim:Value>
				</rim:ValueList>
			</rim:Slot>
		</rim:Association>
		<!--
					====================document rim:Association(s)====================
				-->
	</rim:LeafRegistryObjectList>
</rs:SubmitObjectsRequest>
